Layer,Train_Acc,Test_Acc,Overfit,Samples
-1,1.0,0.6666666666666666,0.33333333333333337,18
-6,1.0,1.0,0.0,18
-12,1.0,1.0,0.0,18
